parent_taxon_id,taxon_id,rank_level,leaf_class_id,name
,1,70.0,,Animalia
1,2,60.0,,Chordata
355675,3,50.0,,Aves
3,4,40.0,,Gruiformes
4,154,30.0,,Rallidae
154,472,20.0,,Fulica
472,473,10.0,0,Fulica americana
3,573,40.0,,Galliformes
573,574,30.0,,Phasianidae
574,905,20.0,,Meleagris
905,906,10.0,1,Meleagris gallopavo
3,2708,40.0,,Columbiformes
2708,2715,30.0,,Columbidae
2715,2926,20.0,,Streptopelia
2926,2969,10.0,2,Streptopelia decaocto
2715,3000,20.0,,Columba
3000,3017,10.0,3,Columba livia
2715,3438,20.0,,Zenaida
3438,3454,10.0,4,Zenaida macroura
3438,3460,10.0,5,Zenaida asiatica
71268,4262,30.0,,Phalacrocoracidae
4262,4263,20.0,,Phalacrocorax
4263,4265,10.0,6,Phalacrocorax auritus
67566,4323,30.0,,Pelecanidae
4323,4324,20.0,,Pelecanus
4324,4328,10.0,7,Pelecanus occidentalis
4324,4334,10.0,8,Pelecanus erythrorhynchos
67561,4342,30.0,,Laridae
447155,4343,20.0,,Larus
4343,4364,10.0,9,Larus delawarensis
67570,4637,30.0,,Falconidae
4637,4638,20.0,,Falco
4638,4665,10.0,10,Falco sparverius
71306,4755,20.0,,Cathartes
4755,4756,10.0,11,Cathartes aura
71306,4764,20.0,,Coragyps
4764,4765,10.0,12,Coragyps atratus
67561,4783,30.0,,Charadriidae
4783,4784,20.0,,Charadrius
4784,4793,10.0,13,Charadrius vociferus
67566,4929,30.0,,Ardeidae
597395,4933,20.0,,Egretta
4933,4940,10.0,14,Egretta thula
597395,4950,20.0,,Ardea
4950,4954,10.0,15,Ardea cinerea
4950,4956,10.0,16,Ardea herodias
597395,4979,20.0,,Nycticorax
4979,4981,10.0,17,Nycticorax nycticorax
597395,5019,20.0,,Butorides
5019,5020,10.0,18,Butorides virescens
71261,5067,30.0,,Accipitridae
5067,5085,20.0,,Accipiter
5085,5112,10.0,19,Accipiter cooperii
5067,5179,20.0,,Buteo
5179,5206,10.0,20,Buteo lineatus
5179,5212,10.0,21,Buteo jamaicensis
5067,5303,20.0,,Haliaeetus
5303,5305,10.0,22,Haliaeetus leucocephalus
67573,5562,30.0,,Trochilidae
5562,6315,20.0,,Calypte
6315,6317,10.0,23,Calypte anna
3,6888,40.0,,Anseriformes
6888,6912,30.0,,Anatidae
6912,6913,20.0,,Cygnus
6913,6921,10.0,24,Cygnus olor
6912,6922,20.0,,Anas
6922,6930,10.0,25,Anas platyrhynchos
6912,7086,20.0,,Branta
7086,7089,10.0,26,Branta canadensis
6912,7105,20.0,,Aix
7105,7107,10.0,27,Aix sponsa
3,7251,40.0,,Passeriformes
7251,7423,30.0,,Bombycillidae
7423,7427,20.0,,Bombycilla
7427,7428,10.0,28,Bombycilla cedrorum
7251,7823,30.0,,Corvidae
7823,7998,20.0,,Corvus
7998,8010,10.0,29,Corvus corax
7998,8021,10.0,30,Corvus brachyrhynchos
7823,8228,20.0,,Cyanocitta
8228,8229,10.0,31,Cyanocitta cristata
7251,9079,30.0,,Fringillidae
71305,9080,20.0,,Cardinalis
9080,9083,10.0,32,Cardinalis cardinalis
559248,9091,20.0,,Melospiza
9091,9100,10.0,33,Melospiza melodia
559248,9132,20.0,,Spizella
9132,9135,10.0,34,Spizella passerina
559248,9175,20.0,,Zonotrichia
9175,9176,10.0,35,Zonotrichia leucophrys
11989,9599,20.0,,Quiscalus
9599,9607,10.0,36,Quiscalus mexicanus
11989,9740,20.0,,Agelaius
9740,9744,10.0,37,Agelaius phoeniceus
559248,10093,20.0,,Junco
10093,10094,10.0,38,Junco hyemalis
71349,10246,20.0,,Setophaga
11989,10368,20.0,,Molothrus
10368,10373,10.0,39,Molothrus ater
7251,11853,30.0,,Hirundinidae
11853,11880,20.0,,Hirundo
11880,11901,10.0,40,Hirundo rustica
7251,11989,30.0,,Icteridae
15977,12705,20.0,,Turdus
12705,12716,10.0,41,Turdus merula
12705,12727,10.0,42,Turdus migratorius
15977,12935,20.0,,Sialia
12935,12942,10.0,43,Sialia sialis
7251,13547,30.0,,Paridae
13547,13548,20.0,,Parus
7251,13685,30.0,,Passeridae
13685,13847,20.0,,Passer
13847,13858,10.0,44,Passer domesticus
7251,14841,30.0,,Sturnidae
14841,14842,20.0,,Sturnus
14842,14850,10.0,45,Sturnus vulgaris
59911,14877,20.0,,Mimus
14877,14886,10.0,46,Mimus polyglottos
7251,15977,30.0,,Turdidae
980017,16446,20.0,,Pyrocephalus
16446,16447,10.0,47,Pyrocephalus rubinus
980017,17007,20.0,,Sayornis
17007,17008,10.0,48,Sayornis phoebe
17007,17013,10.0,49,Sayornis nigricans
3,17550,40.0,,Piciformes
17550,17599,30.0,,Picidae
17599,18158,20.0,,Melanerpes
18158,18205,10.0,50,Melanerpes carolinus
17599,18230,20.0,,Colaptes
18230,18236,10.0,51,Colaptes auratus
355675,20978,50.0,,Amphibia
20978,20979,40.0,,Anura
20979,21359,30.0,,Bufonidae
21359,21360,20.0,,Bufo
20979,25473,30.0,,Ranidae
355675,26036,50.0,,Reptilia
26036,26039,40.0,,Crocodylia
121038,26154,20.0,,Alligator
26154,26159,10.0,52,Alligator mississippiensis
26036,26172,40.0,,Squamata
85553,26504,30.0,,Colubridae
20978,26718,40.0,,Caudata
26718,26909,30.0,,Plethodontidae
787551,27135,20.0,,Plethodon
27135,27186,10.0,53,Plethodon cinereus
26718,27701,30.0,,Salamandridae
787591,27800,20.0,,Notophthalmus
27800,27805,10.0,54,Notophthalmus viridescens
532896,28339,20.0,,Thamnophis
28339,28362,10.0,55,Thamnophis sirtalis
532896,28555,20.0,,Storeria
28555,28562,10.0,56,Storeria dekayi
797520,29033,20.0,,Pituophis
29033,29044,10.0,57,Pituophis catenifer
532896,29299,20.0,,Nerodia
29299,29305,10.0,58,Nerodia sipedon
85553,30667,30.0,,Viperidae
797576,30692,20.0,,Crotalus
30692,30764,10.0,59,Crotalus atrox
85552,31888,30.0,,Anguidae
797512,32049,20.0,,Elgaria
32049,32055,10.0,60,Elgaria multicarinata
371057,33177,30.0,,Gekkonidae
33177,34434,20.0,,Hemidactylus
34434,34435,10.0,61,Hemidactylus turcicus
85552,35278,30.0,,Iguanidae
35278,35341,20.0,,Iguana
35341,35342,10.0,62,Iguana iguana
85552,35360,30.0,,Lacertidae
1118992,35526,20.0,,Podarcis
85552,36074,30.0,,Phrynosomatidae
797562,36090,20.0,,Uta
36090,36094,10.0,63,Uta stansburiana
797562,36141,20.0,,Sceloporus
36141,36202,10.0,64,Sceloporus olivaceus
36141,36204,10.0,65,Sceloporus occidentalis
200152,36362,20.0,,Anolis
36362,36514,10.0,66,Anolis carolinensis
85552,36982,30.0,,Scincidae
787700,37763,20.0,,Plestiodon
26036,39532,40.0,,Testudines
39532,39680,30.0,,Chelydridae
39680,39681,20.0,,Chelydra
39681,39682,10.0,67,Chelydra serpentina
39532,39760,30.0,,Emydidae
797544,39770,20.0,,Chrysemys
39770,39771,10.0,68,Chrysemys picta
797544,39776,20.0,,Trachemys
39776,39782,10.0,69,Trachemys scripta
355675,40151,50.0,,Mammalia
848324,41573,40.0,,Carnivora
41573,41636,30.0,,Ursidae
846255,41637,20.0,,Ursus
41637,41638,10.0,70,Ursus americanus
41573,41660,30.0,,Procyonidae
41660,41661,20.0,,Procyon
41661,41663,10.0,71,Procyon lotor
41573,42043,30.0,,Canidae
42043,42044,20.0,,Canis
42044,42051,10.0,72,Canis latrans
42043,42054,20.0,,Vulpes
42054,42069,10.0,73,Vulpes vulpes
424850,42158,30.0,,Cervidae
846324,42219,20.0,,Odocoileus
42219,42220,10.0,74,Odocoileus hemionus
42219,42223,10.0,75,Odocoileus virginianus
848319,42540,40.0,,Didelphimorphia
42540,42541,30.0,,Didelphidae
846338,42646,20.0,,Didelphis
42646,42652,10.0,76,Didelphis virginiana
848323,43094,40.0,,Lagomorpha
43094,43095,30.0,,Leporidae
43095,43096,20.0,,Sylvilagus
43096,43111,10.0,77,Sylvilagus floridanus
848323,43698,40.0,,Rodentia
870764,43791,30.0,,Castoridae
43791,43792,20.0,,Castor
43792,43794,10.0,78,Castor canadensis
129411,45933,30.0,,Sciuridae
339575,45994,20.0,,Sciurus
45994,46017,10.0,79,Sciurus carolinensis
45994,46020,10.0,80,Sciurus niger
520586,46217,10.0,81,Tamias striatus
339575,46257,20.0,,Tamiasciurus
46257,46260,10.0,82,Tamiasciurus hudsonicus
47115,47114,50.0,,Gastropoda
1,47115,60.0,,Mollusca
47119,47118,40.0,,Araneae
245097,47119,50.0,,Arachnida
1,47120,60.0,,Arthropoda
47123,47122,30.0,,Fabaceae
47124,47123,40.0,,Fabales
47125,47124,50.0,,Magnoliopsida
211194,47125,57.0,,Angiospermae
,47126,70.0,,Plantae
47124,47132,40.0,,Rosales
47132,47148,30.0,,Rosaceae
48151,47151,30.0,,Scrophulariaceae
184884,47157,40.0,,Lepidoptera
372739,47158,50.0,,Insecta
47163,47162,40.0,,Poales
47125,47163,50.0,,Liliopsida
1094814,47167,40.0,,Agaricales
47170,47169,60.0,,Basidiomycota
,47170,70.0,,Fungi
355675,47178,50.0,,Actinopterygii
47124,47181,40.0,,Ericales
144113,47186,40.0,,Decapoda
473790,47187,50.0,,Malacostraca
47189,47188,10.0,83,Pachygrapsus crassipes
47190,47189,20.0,,Pachygrapsus
47191,47190,30.0,,Grapsidae
706188,47191,33.0,,Grapsoidea
47193,47192,10.0,84,Cornus canadensis
47194,47193,20.0,,Cornus
47195,47194,30.0,,Cornaceae
47124,47195,40.0,,Cornales
184884,47201,40.0,,Hymenoptera
71275,47204,30.0,,Brassicaceae
372854,47207,33.0,,Elateroidea
184884,47208,40.0,,Coleoptera
47214,47213,30.0,,Sphingidae
47157,47214,33.0,,Bombycoidea
47218,47217,30.0,,Orchidaceae
47163,47218,40.0,,Asparagales
578086,47219,10.0,85,Apis mellifera
538904,47220,20.0,,Apis
630955,47221,30.0,,Apidae
326777,47222,33.0,,Apoidea
47224,47223,30.0,,Papilionidae
47157,47224,33.0,,Papilionoidea
207785,47225,20.0,,Papilio
545186,47226,10.0,86,Papilio rutulus
47178,47233,40.0,,Perciformes
47329,47328,30.0,,Liliaceae
47163,47329,40.0,,Liliales
48232,47332,30.0,,Papaveraceae
48740,47336,30.0,,Formicidae
922113,47351,20.0,,Prunus
47363,47362,30.0,,Apocynaceae
47124,47363,40.0,,Gentianales
47124,47366,40.0,,Caryophyllales
47375,47374,30.0,,Cupressaceae
136329,47375,40.0,,Pinales
47379,47378,20.0,,Trametes
47380,47379,30.0,,Polyporaceae
50814,47380,40.0,,Polyporales
47393,47392,10.0,87,Coprinus comatus
47394,47393,20.0,,Coprinus
785517,47394,30.0,,Agaricaceae
47162,47434,30.0,,Poaceae
47436,47435,10.0,88,Lotus corniculatus
533443,47436,20.0,,Lotus
906897,47483,20.0,,Helix
68625,47484,30.0,,Helicidae
775812,47485,40.0,,Stylommatophora
1,47491,60.0,,Annelida
47522,47516,10.0,89,Oncorhynchus mykiss
47519,47518,10.0,90,Salmo trutta
342904,47519,20.0,,Salmo
47521,47520,30.0,,Salmonidae
47178,47521,40.0,,Salmoniformes
342904,47522,20.0,,Oncorhynchus
47534,47533,50.0,,Anthozoa
1,47534,60.0,,Cnidaria
319384,47535,30.0,,Araneidae
47540,47539,30.0,,Celastraceae
47124,47540,40.0,,Celastrales
922171,47544,20.0,,Rubus
1,47549,60.0,,Echinodermata
1004912,47552,20.0,,Argiope
47562,47561,20.0,,Pinus
47375,47562,30.0,,Pinaceae
47567,47566,20.0,,Populus
51820,47567,30.0,,Salicaceae
47374,47574,20.0,,Juniperus
47115,47584,50.0,,Bivalvia
904149,47588,10.0,91,Cypripedium acaule
211065,47589,20.0,,Cypripedium
47218,47599,30.0,,Asparagaceae
967514,47602,10.0,92,Taraxacum officinale
632701,47603,20.0,,Taraxacum
47605,47604,30.0,,Asteraceae
47124,47605,40.0,,Asterales
121850,47606,27.0,,Arctiinae
47157,47607,33.0,,Noctuoidea
47650,47649,30.0,,Acrididae
700600,47650,33.0,,Acridoidea
184884,47651,40.0,,Orthoptera
47224,47653,30.0,,Hesperiidae
481959,47668,50.0,,Asteroidea
47672,47671,30.0,,Asteriidae
533697,47672,40.0,,Forcipulatida
47685,47684,50.0,,Myxomycetes
47686,47685,60.0,,Mycetozoa
,47686,70.0,,Protozoa
47688,47687,10.0,93,Erodium cicutarium
47689,47688,20.0,,Erodium
47690,47689,30.0,,Geraniaceae
47124,47690,40.0,,Geraniales
47363,47693,30.0,,Rubiaceae
47698,47697,10.0,94,Hesperis matronalis
903187,47698,20.0,,Hesperis
47701,47699,10.0,95,Geranium maculatum
47689,47701,20.0,,Geranium
47727,47726,10.0,96,Acer negundo
58321,47727,20.0,,Acer
47124,47729,40.0,,Sapindales
372784,47734,40.0,,Polydesmida
144128,47735,50.0,,Diplopoda
47743,47742,30.0,,Pentatomidae
372868,47743,33.0,,Pentatomoidea
184884,47744,40.0,,Hemiptera
47747,47746,20.0,,Equisetum
47748,47747,30.0,,Equisetaceae
764793,47748,40.0,,Equisetales
47752,47751,10.0,97,Polystichum munitum
870758,47752,20.0,,Polystichum
961001,47753,30.0,,Dryopteridaceae
764796,47754,40.0,,Polypodiales
47777,47776,10.0,98,Ariolimax columbianus
916897,47777,20.0,,Ariolimax
487049,47778,30.0,,Arionidae
47780,47779,10.0,99,Iris pseudacorus
790633,47780,20.0,,Iris
47218,47781,30.0,,Iridaceae
47783,47782,30.0,,Cambaridae
311310,47783,33.0,,Astacoidea
47791,47790,30.0,,Onagraceae
47124,47791,40.0,,Myrtales
184884,47792,40.0,,Odonata
184884,47793,40.0,,Dermaptera
813994,47796,30.0,,Actiniidae
202756,47797,40.0,,Actiniaria
48848,47802,10.0,100,Lymantria dispar
47819,47818,20.0,,Libellula
47927,47819,30.0,,Libellulidae
184884,47822,40.0,,Diptera
367163,47823,30.0,,Pholcidae
861036,47850,10.0,101,Quercus agrifolia
47852,47851,20.0,,Quercus
47853,47852,30.0,,Fagaceae
47124,47853,40.0,,Fagales
367176,47866,30.0,,Thomisidae
47889,47888,10.0,102,Impatiens capensis
47890,47889,20.0,,Impatiens
47181,47890,30.0,,Balsaminaceae
47366,47903,30.0,,Cactaceae
632069,47906,20.0,,Asclepias
47906,47911,10.0,103,Asclepias syriaca
47906,47912,10.0,104,Asclepias tuberosa
47917,47916,10.0,105,Actias luna
125080,47917,20.0,,Actias
47214,47918,30.0,,Saturniidae
47920,47919,10.0,106,Antheraea polyphemus
125080,47920,20.0,,Antheraea
47224,47922,30.0,,Nymphalidae
47224,47923,30.0,,Lycaenidae
426081,47925,30.0,,Coenagrionidae
47792,47927,37.0,,Anisoptera
47792,47928,37.0,,Zygoptera
47928,47929,30.0,,Calopterygidae
47818,47934,10.0,107,Libellula luctuosa
963992,47961,30.0,,Cerambycidae
47977,47975,10.0,108,Argia apicalis
47925,47977,20.0,,Argia
47981,47980,10.0,109,Speyeria cybele
134168,47981,20.0,,Speyeria
47605,48040,30.0,,Campanulaceae
791932,48063,20.0,,Lysimachia
47181,48064,30.0,,Primulaceae
47163,48073,40.0,,Alismatales
372853,48089,34.0,,Schizophora
47822,48091,37.0,,Brachycera
48096,48094,10.0,110,Dryocampa rubicunda
125085,48096,20.0,,Dryocampa
47727,48098,10.0,111,Acer rubrum
1097016,48111,30.0,,Mantidae
184884,48112,40.0,,Mantodea
367200,48139,30.0,,Salticidae
144114,48147,40.0,,Isopoda
523723,48150,30.0,,Boraginaceae
47124,48151,40.0,,Lamiales
47233,48158,30.0,,Percidae
48202,48201,30.0,,Scarabaeidae
702480,48202,33.0,,Scarabaeoidea
48218,48217,20.0,,Fucus
48219,48218,30.0,,Fucaceae
48220,48219,40.0,,Fucales
48221,48220,50.0,,Phaeophyceae
48222,48221,60.0,,Ochrophyta
,48222,70.0,,Chromista
48226,48225,10.0,112,Eschscholzia californica
889631,48226,20.0,,Eschscholzia
48230,48229,10.0,113,Ranunculus repens
746715,48230,20.0,,Ranunculus
48232,48231,30.0,,Ranunculaceae
47124,48232,40.0,,Ranunculales
48241,48240,10.0,114,Erythronium americanum
859161,48241,20.0,,Erythronium
746708,48245,20.0,,Aquilegia
47170,48250,60.0,,Ascomycota
47562,48255,20.0,,Tsuga
48257,48256,10.0,115,Pseudotsuga menziesii
47562,48257,20.0,,Pseudotsuga
48290,48284,10.0,116,Oniscus asellus
48291,48290,20.0,,Oniscus
343798,48291,30.0,,Oniscidae
48296,48295,20.0,,Armadillidium
343798,48296,30.0,,Armadillidiidae
952186,48327,40.0,,Lecanorales
50814,48341,40.0,,Russulales
48151,48377,30.0,,Bignoniaceae
47366,48382,30.0,,Polygonaceae
118249,48419,20.0,,Amanita
785522,48420,30.0,,Pluteaceae
895657,48431,20.0,,Laetiporus
931408,48439,20.0,,Chenopodium
48444,48443,10.0,117,Lycoperdon perlatum
48445,48444,20.0,,Lycoperdon
785517,48445,30.0,,Lycoperdaceae
790770,48461,10.0,118,Pinus ponderosa
48475,48473,10.0,119,Ganoderma applanatum
47379,48475,20.0,,Ganoderma
48487,48484,10.0,120,Harmonia axyridis
471714,48486,30.0,,Coccinellidae
333796,48487,20.0,,Harmonia
48496,48494,10.0,121,Pleurotus ostreatus
905657,48495,30.0,,Pleurotaceae
48495,48496,20.0,,Pleurotus
324170,48498,20.0,,Gleditsia
48801,48502,10.0,122,Cercis canadensis
48506,48505,10.0,123,Junonia coenia
202224,48506,20.0,,Junonia
202066,48507,20.0,,Vanessa
47224,48508,30.0,,Pieridae
47124,48515,40.0,,Solanales
48515,48516,30.0,,Solanaceae
47124,48526,40.0,,Dipsacales
48526,48527,30.0,,Caprifoliaceae
48532,48529,10.0,124,Tremella mesenterica
83737,48530,40.0,,Tremellales
48530,48531,30.0,,Tremellaceae
48531,48532,20.0,,Tremella
706195,48533,20.0,,Symplocarpus
48073,48536,30.0,,Araceae
48539,48538,10.0,125,Cytisus scoparius
548591,48539,20.0,,Cytisus
48507,48548,10.0,126,Vanessa cardui
48507,48549,10.0,127,Vanessa virginiensis
48551,48550,10.0,128,Phoebis sennae
119556,48551,20.0,,Phoebis
632885,48561,20.0,,Cirsium
47366,48567,30.0,,Caryophyllaceae
723302,48582,20.0,,Sorbus
48587,48586,10.0,129,Cepaea nemoralis
910283,48587,20.0,,Cepaea
850994,48596,20.0,,Campanula
48601,48599,10.0,130,Phytolacca americana
47366,48600,30.0,,Phytolaccaceae
48600,48601,20.0,,Phytolacca
48151,48623,30.0,,Lamiaceae
914083,48625,10.0,131,Oenothera speciosa
47790,48626,20.0,,Oenothera
48663,48662,10.0,132,Danaus plexippus
522900,48663,20.0,,Danaus
47607,48670,30.0,,Noctuidae
48686,48685,10.0,133,Typha latifolia
48694,48686,20.0,,Typha
47162,48694,30.0,,Typhaceae
48700,48699,30.0,,Apiaceae
47124,48700,40.0,,Apiales
48419,48715,10.0,134,Amanita muscaria
48255,48734,10.0,135,Tsuga canadensis
326777,48740,33.0,,Vespoidea
47222,48742,30.0,,Sphecidae
48769,48767,10.0,136,Hypholoma fasciculare
785517,48768,30.0,,Strophariaceae
48768,48769,20.0,,Hypholoma
47124,48796,40.0,,Malvales
48796,48797,30.0,,Malvaceae
746816,48801,20.0,,Cercis
47124,48808,40.0,,Laurales
48808,48809,30.0,,Lauraceae
47671,48834,20.0,,Pisaster
121850,48847,27.0,,Lymantriinae
82039,48848,20.0,,Lymantria
48201,48857,27.0,,Rutelinae
47729,48874,30.0,,Anacardiaceae
922210,48939,20.0,,Eriogonum
48960,48957,10.0,137,Arilus cristatus
133754,48959,30.0,,Reduviidae
482431,48960,20.0,,Arilus
48533,48961,10.0,138,Symplocarpus foetidus
48988,48987,10.0,139,Hippodamia convergens
333796,48988,20.0,,Hippodamia
861036,49005,10.0,140,Quercus rubra
82042,49031,20.0,,Orgyia
47132,49041,30.0,,Rhamnaceae
49052,49051,10.0,141,Anthopleura sola
47796,49052,20.0,,Anthopleura
48507,49133,10.0,142,Vanessa atalanta
49151,49150,10.0,143,Agraulis vanillae
134173,49151,20.0,,Agraulis
47178,49175,40.0,,Siluriformes
49195,49193,10.0,144,Callicarpa americana
48151,49194,30.0,,Verbenaceae
48623,49195,20.0,,Callicarpa
49203,49202,10.0,145,Fagus grandifolia
47852,49203,20.0,,Fagus
47178,49216,40.0,,Cypriniformes
49290,49288,10.0,146,Podophyllum peltatum
48232,49289,30.0,,Berberidaceae
923973,49290,20.0,,Podophyllum
47178,49333,40.0,,Cyprinodontiformes
960961,49338,20.0,,Encelia
49338,49339,10.0,147,Encelia farinosa
49349,49348,10.0,148,Hyles lineata
124055,49349,20.0,,Hyles
791419,49389,20.0,,Stellaria
701533,49399,10.0,149,Juniperus virginiana
47329,49464,30.0,,Melanthiaceae
858333,49465,20.0,,Trillium
49478,49477,10.0,150,Monotropa uniflora
451956,49478,20.0,,Monotropa
713337,49528,30.0,,Forficulidae
49541,49540,10.0,151,Gasteracantha cancriformis
1004909,49541,20.0,,Gasteracantha
49555,49552,10.0,152,Scutigera coleoptrata
49556,49553,40.0,,Scutigeromorpha
49553,49554,30.0,,Scutigeridae
49554,49555,20.0,,Scutigera
144128,49556,50.0,,Chilopoda
736941,49566,10.0,153,Cicindela sexguttata
372884,49567,30.0,,Carabidae
373919,49568,20.0,,Cicindela
49589,49587,10.0,154,Micropterus salmoides
47233,49588,30.0,,Centrarchidae
49588,49589,20.0,,Micropterus
49589,49590,10.0,155,Micropterus dolomieu
49592,49591,10.0,156,Lepomis macrochirus
49588,49592,20.0,,Lepomis
49595,49594,10.0,157,Pomoxis nigromaculatus
49588,49595,20.0,,Pomoxis
49597,49596,10.0,158,Salvelinus fontinalis
342904,49597,20.0,,Salvelinus
49216,49609,30.0,,Cyprinidae
49592,49614,10.0,159,Lepomis gibbosus
902567,49652,20.0,,Cardamine
49661,49658,10.0,160,Liquidambar styraciflua
71434,49661,20.0,,Liquidambar
49664,49662,10.0,161,Platanus occidentalis
64516,49663,30.0,,Platanaceae
49663,49664,20.0,,Platanus
48834,49699,10.0,162,Pisaster ochraceus
49764,49761,10.0,163,Anartia jatrophae
202068,49764,20.0,,Anartia
48245,49868,10.0,164,Aquilegia canadensis
746720,49869,20.0,,Caltha
202066,49921,20.0,,Nymphalis
49975,49972,10.0,165,Battus philenor
47223,49973,27.0,,Papilioninae
49973,49974,25.0,,Troidini
522893,49975,20.0,,Battus
414448,49995,30.0,,Syrphidae
545185,50072,10.0,166,Papilio cresphontes
50148,50147,10.0,167,Celithemis eponina
47819,50148,20.0,,Celithemis
47925,50175,20.0,,Enallagma
50204,50203,10.0,168,Bidens pilosa
568277,50204,20.0,,Bidens
508722,50249,20.0,,Maianthemum
47961,50265,27.0,,Lamiinae
50280,50278,10.0,169,Parthenocissus quinquefolia
71291,50279,30.0,,Vitaceae
50279,50280,20.0,,Parthenocissus
50299,50298,10.0,170,Fragaria vesca
975959,50299,20.0,,Fragaria
50311,50310,10.0,171,Arisaema triphyllum
937792,50311,20.0,,Arisaema
50334,50333,10.0,172,Lantana camara
936164,50334,20.0,,Lantana
50341,50340,10.0,173,Hylephila phyleus
320552,50341,20.0,,Hylephila
202066,50392,20.0,,Polygonia
551317,50586,40.0,,Venerida
775840,50600,30.0,,Mytilidae
840983,50636,20.0,,Plantago
48151,50638,30.0,,Plantaginaceae
634950,50641,20.0,,Solanum
50791,50790,10.0,174,Linaria vulgaris
556743,50791,20.0,,Linaria
492000,50814,50.0,,Agaricomycetes
51820,50828,30.0,,Violaceae
50828,50829,20.0,,Viola
972882,50879,20.0,,Erigeron
134175,50881,20.0,,Limenitis
47124,50898,40.0,,Magnoliales
50940,50931,10.0,175,Strymon melinus
522886,50940,20.0,,Strymon
47132,50998,30.0,,Moraceae
51045,51044,10.0,176,Sanguinaria canadensis
889631,51045,20.0,,Sanguinaria
50249,51062,10.0,177,Maianthemum racemosum
707807,51079,20.0,,Toxicodendron
51079,51080,10.0,178,Toxicodendron diversilobum
571260,51110,10.0,179,Xylocopa virginica
574159,51111,20.0,,Xylocopa
176269,51146,30.0,,Chrysomelidae
51148,51147,10.0,180,Crataegus monogyna
723302,51148,20.0,,Crataegus
51222,51221,10.0,181,Procambarus clarkii
47782,51222,20.0,,Procambarus
47742,51276,27.0,,Pentatominae
47178,51368,40.0,,Esociformes
51368,51369,30.0,,Esocidae
51369,51370,20.0,,Esox
51469,51468,20.0,,Anax
47927,51469,30.0,,Aeshnidae
47819,51556,20.0,,Sympetrum
738332,51610,10.0,182,Veronica chamaedrys
840955,51611,20.0,,Veronica
47544,51646,10.0,183,Rubus parviflorus
49052,51659,10.0,184,Anthopleura xanthogrammica
51703,51702,10.0,185,Coccinella septempunctata
333796,51703,20.0,,Coccinella
51742,51741,10.0,186,Aegopodium podagraria
790559,51742,20.0,,Aegopodium
48663,51743,10.0,187,Danaus gilippus
51769,51768,10.0,188,Gaillardia pulchella
635184,51769,20.0,,Gaillardia
372868,51776,33.0,,Coreoidea
51776,51777,30.0,,Coreidae
55695,51781,10.0,189,Tyria jacobaeae
47124,51820,40.0,,Malpighiales
51820,51821,30.0,,Euphorbiaceae
47929,51825,20.0,,Calopteryx
345605,51874,20.0,,Lonicera
51876,51875,10.0,190,Trifolium pratense
512504,51876,20.0,,Trifolium
51886,51884,10.0,191,Urtica dioica
47132,51885,30.0,,Urticaceae
51885,51886,20.0,,Urtica
558819,51900,20.0,,Hypochaeris
47925,52054,20.0,,Ischnura
52077,52075,10.0,192,Atalopedes campestris
320552,52077,20.0,,Atalopedes
902614,52111,20.0,,Baccharis
47566,52119,10.0,193,Populus deltoides
52159,52158,10.0,194,Schistocerca nitens
523283,52159,20.0,,Schistocerca
791475,52195,20.0,,Silene
47366,52327,30.0,,Amaranthaceae
48515,52345,30.0,,Convolvulaceae
901813,52380,33.0,,Aphidoidea
52380,52381,30.0,,Aphididae
790765,52391,10.0,195,Pinus strobus
52472,52471,10.0,196,Vicia cracca
633087,52472,20.0,,Vicia
52483,52482,10.0,197,Episyrphus balteatus
121991,52483,20.0,,Episyrphus
520020,52491,20.0,,Eristalis
47727,52543,10.0,198,Acer saccharum
49052,52564,10.0,199,Anthopleura elegantissima
52593,52592,10.0,200,Pararge aegeria
58599,52593,20.0,,Pararge
52629,52628,10.0,201,Araneus diadematus
417879,52629,20.0,,Araneus
52683,52681,10.0,202,Pteridium aquilinum
47754,52682,30.0,,Dennstaedtiaceae
52682,52683,20.0,,Pteridium
781703,52689,20.0,,Sambucus
52721,52720,10.0,203,Dactylis glomerata
552962,52721,20.0,,Dactylis
47746,52724,10.0,204,Equisetum arvense
777272,52728,20.0,,Cephalanthus
919178,52736,20.0,,Monarda
48740,52747,30.0,,Vespidae
638567,52756,20.0,,Polistes
789379,52757,10.0,205,Polistes fuscatus
858902,52761,20.0,,Hypericum
52728,52763,10.0,206,Cephalanthus occidentalis
52765,52764,10.0,207,Prunella vulgaris
919181,52765,20.0,,Prunella
538883,52775,20.0,,Bombus
538900,52779,10.0,208,Bombus bimaculatus
900988,52818,20.0,,Achillea
1105043,52821,10.0,209,Achillea millefolium
900988,52845,20.0,,Matricaria
1043615,52847,20.0,,Anthriscus
48700,52849,30.0,,Araliaceae
900983,52855,20.0,,Artemisia
52855,52856,10.0,210,Artemisia vulgaris
50641,52899,10.0,211,Solanum carolinense
52912,52911,10.0,212,Dolichovespula maculata
84738,52912,20.0,,Dolichovespula
52914,52913,10.0,213,Cichorium intybus
632700,52914,20.0,,Cichorium
130316,52924,20.0,,Phyciodes
52924,52925,10.0,214,Phyciodes tharos
47207,52932,30.0,,Cantharidae
902567,52977,20.0,,Barbarea
902789,52979,20.0,,Capsella
372868,52983,33.0,,Pyrrhocoroidea
48561,52989,10.0,215,Cirsium vulgare
52845,52992,10.0,216,Matricaria discoidea
779781,52994,10.0,217,Claytonia perfoliata
71417,52995,20.0,,Claytonia
52999,52998,10.0,218,Conium maculatum
790593,52999,20.0,,Conium
53022,53021,10.0,219,Convolvulus arvensis
993825,53022,20.0,,Convolvulus
345608,53030,20.0,,Dipsacus
53060,53059,10.0,220,Galium aparine
788083,53060,20.0,,Galium
53095,53094,10.0,221,Heracleum maximum
790594,53095,20.0,,Heracleum
51900,53104,10.0,222,Hypochaeris radicata
632704,53106,20.0,,Lactuca
53106,53107,10.0,223,Lactuca serriola
512504,53152,20.0,,Medicago
1045692,53178,10.0,224,Plantago lanceolata
975960,53186,20.0,,Potentilla
922242,53196,20.0,,Rumex
53196,53197,10.0,225,Rumex crispus
901794,53207,20.0,,Senecio
53207,53211,10.0,226,Senecio vulgaris
53270,53269,10.0,227,Sonchus asper
632703,53270,20.0,,Sonchus
53270,53294,10.0,228,Sonchus oleraceus
1087592,53298,10.0,229,Stellaria media
52472,53324,10.0,230,Vicia sativa
53327,53326,10.0,231,Vinca major
632394,53327,20.0,,Vinca
52111,53359,10.0,232,Baccharis pilularis
47193,53387,10.0,233,Cornus sericea
53408,53405,10.0,234,Heteromeles arbutifolia
723302,53408,20.0,,Heteromeles
922173,53438,20.0,,Rosa
53549,53547,10.0,235,Ulmus americana
47132,53548,30.0,,Ulmaceae
53548,53549,20.0,,Ulmus
47157,53552,33.0,,Yponomeutoidea
124078,53554,20.0,,Atteva
53581,53580,20.0,,Liriodendron
50898,53581,30.0,,Magnoliaceae
53580,53582,10.0,236,Liriodendron tulipifera
48431,53713,10.0,237,Laetiporus sulphureus
53810,53809,10.0,238,Phidippus audax
1109044,53810,20.0,,Phidippus
53855,53854,20.0,,Ilex
71272,53855,30.0,,Aquifoliaceae
47819,53868,20.0,,Erythemis
56564,53905,10.0,239,Mantis religiosa
53912,53911,10.0,240,Cyprinus carpio
607661,53912,20.0,,Cyprinus
743344,53983,10.0,241,Digitalis purpurea
840977,53984,20.0,,Digitalis
125818,54010,20.0,,Lycaena
50392,54064,10.0,242,Polygonia comma
55690,54087,10.0,243,Pieris napi
47378,54134,10.0,244,Trametes versicolor
48327,54321,30.0,,Parmeliaceae
54328,54327,10.0,245,Vespa crabro
84738,54328,20.0,,Vespa
47752,54412,10.0,246,Polystichum acrostichoides
54451,54449,10.0,247,Carnegiea gigantea
470233,54451,20.0,,Carnegiea
54469,54468,10.0,248,Aglais urticae
202066,54469,20.0,,Aglais
54497,54495,20.0,,Juglans
47853,54497,30.0,,Juglandaceae
54495,54504,10.0,249,Juglans nigra
900982,54521,20.0,,Tanacetum
54575,54573,10.0,250,Schizophyllum commune
905658,54574,30.0,,Schizophyllaceae
54574,54575,20.0,,Schizophyllum
47778,54582,20.0,,Arion
54735,54734,10.0,251,Parmelia sulcata
1094690,54735,20.0,,Parmelia
372740,54743,50.0,,Lecanoromycetes
952186,54755,40.0,,Teloschistales
54755,54756,30.0,,Teloschistaceae
54756,54757,20.0,,Xanthoria
47727,54763,10.0,252,Acer platanoides
707807,54765,20.0,,Rhus
47193,54777,10.0,253,Cornus florida
861033,54779,10.0,254,Quercus alba
54796,54795,10.0,255,Sassafras albidum
48809,54796,20.0,,Sassafras
48498,54797,10.0,256,Gleditsia triacanthos
54812,54811,10.0,257,Rhamnus cathartica
49041,54812,20.0,,Rhamnus
47351,54834,10.0,258,Prunus serotina
47351,54835,10.0,259,Prunus virginiana
47566,54840,10.0,260,Populus tremuloides
54856,54854,10.0,261,Tilia americana
924978,54856,20.0,,Tilia
1112639,54999,10.0,262,Eriogonum fasciculatum
517607,55215,20.0,,Aphis
51370,55387,10.0,263,Esox lucius
49465,55402,10.0,264,Trillium grandiflorum
55460,55459,10.0,265,Lamium amplexicaule
918906,55460,20.0,,Lamium
55486,55483,10.0,266,Fuligo septica
47684,55484,40.0,,Physarales
55484,55485,30.0,,Physaraceae
55485,55486,20.0,,Fuligo
55488,55487,10.0,267,Diabrotica undecimpunctata
461899,55488,20.0,,Diabrotica
55503,55496,10.0,268,Stereum ostrea
55503,55501,10.0,269,Stereum hirsutum
48341,55502,30.0,,Stereaceae
55502,55503,20.0,,Stereum
888838,55556,10.0,270,Oncopeltus fasciatus
466233,55558,30.0,,Lygaeidae
130314,55559,20.0,,Oncopeltus
55564,55563,10.0,271,Bellis perennis
461542,55564,20.0,,Bellis
54757,55576,10.0,272,Xanthoria parietina
55613,55610,10.0,273,Pyrrhocoris apterus
52983,55612,30.0,,Pyrrhocoridae
55612,55613,20.0,,Pyrrhocoris
50641,55620,10.0,274,Solanum dulcamara
122465,55624,20.0,,Acronicta
55690,55626,10.0,275,Pieris rapae
55642,55641,10.0,276,Polyommatus icarus
522678,55642,20.0,,Polyommatus
55654,55653,10.0,277,Maniola jurtina
208488,55654,20.0,,Maniola
522624,55655,10.0,278,Lycaena phlaeas
738398,55666,10.0,279,Veronica persica
475032,55690,20.0,,Pieris
82099,55695,20.0,,Tyria
520029,55719,10.0,280,Eristalis tenax
51876,55745,10.0,281,Trifolium repens
55747,55746,10.0,282,Misumena vatia
47866,55747,20.0,,Misumena
55758,55757,10.0,283,Chelidonium majus
889631,55758,20.0,,Chelidonium
52195,55759,10.0,284,Silene dioica
49652,55829,10.0,285,Cardamine hirsuta
55831,55830,10.0,286,Glechoma hederacea
919180,55831,20.0,,Glechoma
53327,55844,10.0,287,Vinca minor
55460,55851,10.0,288,Lamium purpureum
55883,55882,10.0,289,Hedera helix
52849,55883,20.0,,Hedera
964908,55925,10.0,290,Geranium robertianum
54521,55971,10.0,291,Tanacetum vulgare
47380,55974,30.0,,Fomitopsidaceae
35526,55990,10.0,292,Podarcis muralis
53030,56002,10.0,293,Dipsacus fullonum
56058,56057,10.0,294,Leucanthemum vulgare
900981,56058,20.0,,Leucanthemum
56062,56061,10.0,295,Alliaria petiolata
902660,56062,20.0,,Alliaria
48582,56063,10.0,296,Sorbus aucuparia
48230,56064,10.0,297,Ranunculus acris
52761,56077,10.0,298,Hypericum perforatum
48295,56083,10.0,299,Armadillidium vulgare
56089,56088,10.0,300,Robinia pseudoacacia
746912,56089,20.0,,Robinia
56091,56090,10.0,301,Morus alba
50998,56091,20.0,,Morus
56100,56099,10.0,302,Ajuga reptans
918904,56100,20.0,,Ajuga
52979,56121,10.0,303,Capsella bursa-pastoris
52977,56126,10.0,304,Barbarea vulgaris
861033,56133,10.0,305,Quercus robur
56138,56137,10.0,306,Ornithogalum umbellatum
507998,56138,20.0,,Ornithogalum
941815,56165,20.0,,Verbascum
56175,56174,10.0,307,Echium vulgare
795687,56175,20.0,,Echium
56223,56222,10.0,308,Tussilago farfara
936861,56223,20.0,,Tussilago
1045281,56224,10.0,309,Caltha palustris
50392,56225,10.0,310,Polygonia c-album
785517,56310,30.0,,Psathyrellaceae
56310,56315,20.0,,Coprinellus
947427,56318,10.0,311,Coprinellus micaceus
545183,56529,10.0,312,Papilio machaon
47394,56536,20.0,,Chlorophyllum
570063,56564,20.0,,Mantis
47157,56583,33.0,,Lasiocampoidea
56583,56584,30.0,,Lasiocampidae
1043617,56727,20.0,,Daucus
56740,56739,10.0,313,Ricinus communis
51821,56740,20.0,,Ricinus
49921,56832,10.0,314,Nymphalis antiopa
538902,56887,10.0,315,Bombus pensylvanicus
901801,56955,20.0,,Helianthus
1092918,57056,10.0,316,Medicago lupulina
57067,57066,10.0,317,Melilotus officinalis
512504,57067,20.0,,Melilotus
57280,57278,10.0,318,Ailanthus altissima
47729,57279,30.0,,Simaroubaceae
57279,57280,20.0,,Ailanthus
52472,57317,10.0,319,Vicia villosa
1092510,57516,10.0,320,Bombus terrestris
538900,57689,10.0,321,Bombus vosnesenskii
52689,57824,10.0,322,Sambucus racemosa
56955,57983,10.0,323,Helianthus annuus
48439,58127,10.0,324,Chenopodium album
47729,58321,30.0,,Sapindaceae
320552,58504,20.0,,Polites
545183,58523,10.0,325,Papilio polyxenes
545186,58525,10.0,326,Papilio troilus
58533,58531,10.0,327,Colias philodice
58533,58532,10.0,328,Colias eurytheme
119556,58533,20.0,,Colias
47923,58558,27.0,,Polyommatinae
58562,58561,10.0,329,Libytheana carinenta
85868,58562,20.0,,Libytheana
50392,58579,10.0,330,Polygonia interrogationis
50881,58586,10.0,331,Limenitis archippus
134166,58588,20.0,,Asterocampa
47922,58597,27.0,,Satyrinae
58597,58598,25.0,,Satyrini
58598,58599,24.0,,Lethina
58629,58627,10.0,332,Perca flavescens
788529,58629,20.0,,Perca
49592,58635,10.0,333,Lepomis megalotis
49592,58636,10.0,334,Lepomis cyanellus
49175,58655,30.0,,Ictaluridae
58667,58662,10.0,335,Semotilus atromaculatus
613300,58667,20.0,,Semotilus
790771,58722,10.0,336,Pinus sylvestris
58728,58727,10.0,337,Berberis thunbergii
923972,58728,20.0,,Berberis
51079,58732,10.0,338,Toxicodendron radicans
520010,58753,20.0,,Toxomerus
57067,58907,10.0,339,Melilotus albus
47791,58935,30.0,,Lythraceae
58935,58937,20.0,,Lythrum
50636,58961,10.0,340,Plantago major
56165,59029,10.0,341,Verbascum thapsus
59117,59115,10.0,342,Gambusia affinis
49333,59116,30.0,,Poeciliidae
788516,59117,20.0,,Gambusia
59122,59119,10.0,343,Pontia protodice
475032,59122,20.0,,Pontia
857190,59644,10.0,344,Pantherophis alleghaniensis
797520,59649,20.0,,Pantherophis
59676,59675,10.0,345,Pyrrharctia isabella
123834,59676,20.0,,Pyrrharctia
59775,59774,10.0,346,Pachydiplax longipennis
47819,59775,20.0,,Pachydiplax
59777,59776,10.0,347,Perithemis tenera
47819,59777,20.0,,Perithemis
7251,59911,30.0,,Mimidae
48561,60132,10.0,348,Cirsium arvense
25473,60340,20.0,,Lithobates
545186,60551,10.0,349,Papilio glaucus
50881,60607,10.0,350,Limenitis arthemis
53854,60749,10.0,351,Ilex opaca
60783,60782,10.0,352,Pluteus cervinus
48420,60783,20.0,,Pluteus
60840,60839,10.0,353,Spilosoma virginica
123834,60840,20.0,,Spilosoma
47922,60854,27.0,,Heliconiinae
47922,61244,27.0,,Danainae
464228,61257,20.0,,Leptoglossus
47744,61267,37.0,,Heteroptera
58937,61321,10.0,354,Lythrum salicaria
549546,61428,10.0,355,Arion subfuscus
61446,61445,10.0,356,Acanthocephala terminalis
605201,61446,20.0,,Acanthocephala
53868,61495,10.0,357,Erythemis simplicicollis
61504,61503,10.0,358,Ascalapha odorata
121562,61504,20.0,,Ascalapha
47483,61523,10.0,359,Helix pomatia
61525,61524,10.0,360,Forficula auricularia
713354,61525,20.0,,Forficula
124719,61786,20.0,,Malacosoma
202179,61858,20.0,,Lucilia
356157,61860,30.0,,Calliphoridae
62061,62060,10.0,361,Palomena prasina
712842,62061,20.0,,Palomena
914077,62207,10.0,362,Oenothera biennis
451956,62232,20.0,,Chimaphila
984576,62312,10.0,363,Campanula rotundifolia
62463,62456,10.0,364,Rhagonycha fulva
529314,62463,20.0,,Rhagonycha
62472,62470,10.0,365,Limax maximus
512198,62471,30.0,,Limacidae
933175,62472,20.0,,Limax
62499,62498,10.0,366,Jacobaea vulgaris
901794,62499,20.0,,Jacobaea
888920,62741,10.0,367,Rudbeckia hirta
888924,62742,20.0,,Rudbeckia
334375,62781,20.0,,Camponotus
62807,62806,10.0,368,Mytilus californianus
871438,62807,20.0,,Mytilus
63030,63028,10.0,369,Hypercompe scribonia
123834,63030,20.0,,Hypercompe
47491,63089,50.0,,Clitellata
53196,63371,10.0,370,Rumex obtusifolius
63523,63518,10.0,371,Melanoplus differentialis
523474,63523,20.0,,Melanoplus
64009,64006,10.0,372,Corbicula fluminea
534850,64009,20.0,,Corbicula
901066,64116,20.0,,Ageratina
64276,64237,10.0,373,Phragmites australis
773415,64276,20.0,,Phragmites
47124,64516,40.0,,Proteales
47539,64539,20.0,,Celastrus
64539,64540,10.0,374,Celastrus orbiculatus
47754,64686,30.0,,Onocleaceae
21359,64747,20.0,,Anaxyrus
21359,64787,20.0,,Incilius
64747,64968,10.0,375,Anaxyrus americanus
64787,65849,10.0,376,Incilius nebulifer
60340,65979,10.0,377,Lithobates catesbeianus
60340,65982,10.0,378,Lithobates clamitans
60340,66003,10.0,379,Lithobates pipiens
60340,66012,10.0,380,Lithobates sylvaticus
67329,67328,10.0,381,Pholcus phalangioides
47823,67329,20.0,,Pholcus
3,67561,40.0,,Charadriiformes
3,67566,40.0,,Pelecaniformes
3,67570,40.0,,Falconiformes
3,67573,40.0,,Caprimulgiformes
47651,67688,37.0,,Caelifera
82113,67692,20.0,,Lophocampa
47552,67707,10.0,382,Argiope aurantia
51468,67731,10.0,383,Anax junius
50249,67748,10.0,384,Maianthemum canadense
67761,67760,10.0,385,Popillia japonica
425997,67761,20.0,,Popillia
61257,67771,10.0,386,Leptoglossus occidentalis
873639,67820,10.0,387,Erigeron philadelphicus
51556,68138,10.0,388,Sympetrum corruptum
51556,68139,10.0,389,Sympetrum vicinum
783666,68199,20.0,,Larrea
68199,68205,10.0,390,Larrea tridentata
68220,68207,30.0,,Zygophyllaceae
47124,68220,40.0,,Zygophyllales
68246,68244,10.0,391,Euptoieta claudia
134168,68246,20.0,,Euptoieta
58588,68264,10.0,392,Asterocampa celtis
781368,68421,30.0,,Achatinidae
781352,68625,33.0,,Helicoidea
48217,69155,10.0,393,Fucus distichus
333586,69755,40.0,,Haplotaxida
69755,69758,30.0,,Lumbricidae
71035,71034,10.0,394,Tenodera sinensis
1097119,71035,20.0,,Tenodera
47208,71130,37.0,,Polyphaga
55215,71154,10.0,395,Aphis nerii
3,71261,40.0,,Accipitriformes
3,71268,40.0,,Suliformes
47124,71272,40.0,,Aquifoliales
47124,71275,40.0,,Brassicales
47124,71289,40.0,,Saxifragales
47124,71291,40.0,,Vitales
7251,71305,30.0,,Cardinalidae
559244,71306,30.0,,Cathartidae
7251,71349,30.0,,Parulidae
51820,71412,30.0,,Hypericaceae
47366,71417,30.0,,Montiaceae
71289,71434,30.0,,Altingiaceae
200958,71725,20.0,,Pandion
604091,72030,20.0,,Campsis
37763,73788,10.0,396,Plestiodon fasciatus
59649,73888,10.0,397,Pantherophis obsoletus
72030,75995,10.0,398,Campsis radicans
56727,76610,10.0,399,Daucus carota
50879,76897,10.0,400,Erigeron annuus
50879,76907,10.0,401,Erigeron canadensis
50879,76942,10.0,402,Erigeron strigosus
1072577,77835,10.0,403,Lonicera japonica
53438,78882,10.0,404,Rosa multiflora
52195,79109,10.0,405,Silene latifolia
47818,81495,10.0,406,Libellula pulchella
81547,81545,10.0,407,Lumbricus terrestris
69758,81547,20.0,,Lumbricus
528867,81549,20.0,,Tetraopes
81555,81554,10.0,408,Ictalurus punctatus
58655,81555,20.0,,Ictalurus
81560,81559,10.0,409,Epargyreus clarus
320509,81560,20.0,,Epargyreus
81591,81590,10.0,410,Eacles imperialis
125085,81591,20.0,,Eacles
61786,81663,10.0,411,Malacosoma disstria
49031,81665,10.0,412,Orgyia leucostigma
81678,81677,10.0,413,Euchaetes egle
82113,81678,20.0,,Euchaetes
81688,81687,10.0,414,Noctua pronuba
320201,81688,20.0,,Noctua
81924,81923,10.0,415,Halyomorpha halys
528234,81924,20.0,,Halyomorpha
549548,82003,10.0,416,Arion ater
1097068,82009,20.0,,Stagmomantis
48847,82039,25.0,,Lymantriini
48847,82042,25.0,,Orgyiini
47606,82089,25.0,,Arctiini
82089,82099,24.0,,Callimorphina
82089,82113,24.0,,Phaegopterina
122457,82202,20.0,,Hypena
67692,82225,10.0,417,Lophocampa caryae
82286,82279,10.0,418,Automeris io
475374,82286,20.0,,Automeris
1072574,82342,10.0,419,Lonicera maackii
62232,82358,10.0,420,Chimaphila maculata
82577,82576,10.0,421,Onoclea sensibilis
64686,82577,20.0,,Onoclea
50829,82816,10.0,422,Viola sororia
83292,83290,10.0,423,Zanclus cornutus
47233,83291,30.0,,Zanclidae
83291,83292,20.0,,Zanclus
492000,83737,50.0,,Tremellomycetes
83800,83799,10.0,424,Mitchella repens
788074,83800,20.0,,Mitchella
52689,84300,10.0,425,Sambucus canadensis
51825,84481,10.0,426,Calopteryx maculata
84550,84549,10.0,427,Plathemis lydia
47819,84550,20.0,,Plathemis
789375,84640,10.0,428,Polistes dominula
48147,84718,37.0,,Oniscidea
52054,84722,10.0,429,Ischnura verticalis
52747,84738,27.0,,Vespinae
85035,85034,10.0,430,Neoscona crucifera
417879,85035,20.0,,Neoscona
52736,85320,10.0,431,Monarda fistulosa
49592,85365,10.0,432,Lepomis auritus
47120,85493,57.0,,Crustacea
26172,85552,37.0,,Sauria
26172,85553,37.0,,Serpentes
68625,85654,30.0,,Camaenidae
47922,85868,27.0,,Libytheinae
910275,87634,20.0,,Cornu
1105651,87902,20.0,,Deroceras
47977,94557,10.0,433,Argia moesta
50175,99897,10.0,434,Enallagma civile
59117,101204,10.0,435,Gambusia holbrooki
52054,103498,10.0,436,Ischnura posita
47818,104580,10.0,437,Libellula incesta
47818,104586,10.0,438,Libellula vibrans
36362,116461,10.0,439,Anolis sagrei
53554,116681,10.0,440,Atteva aurea
71725,116999,10.0,441,Pandion haliaetus
56536,117308,10.0,442,Chlorophyllum molybdites
779780,117434,10.0,443,Claytonia virginica
122224,117747,25.0,,Noctuini
117951,117943,10.0,444,Flavoparmelia caperata
1094690,117951,20.0,,Flavoparmelia
55974,118056,20.0,,Fomitopsis
785522,118249,30.0,,Amanitaceae
47186,118451,37.0,,Pleocyemata
82202,118513,10.0,445,Hypena scabra
81549,118559,10.0,446,Tetraopes tetrophthalmus
538900,118970,10.0,447,Bombus impatiens
64116,119048,10.0,448,Ageratina altissima
48508,119556,27.0,,Coliadinae
712842,119607,20.0,,Chinavia
49567,119895,27.0,,Cicindelinae
82009,119989,10.0,449,Stagmomantis carolina
538890,120215,10.0,450,Bombus griseocollis
120218,120217,10.0,451,Halysidota tessellaris
82113,120218,20.0,,Halysidota
47118,120474,37.0,,Araneomorphae
26039,121038,30.0,,Alligatoridae
121184,121183,10.0,452,Mythimna unipuncta
122731,121184,20.0,,Mythimna
122426,121562,25.0,,Thermesiini
121613,121612,10.0,453,Estigmene acrea
123834,121613,20.0,,Estigmene
118451,121639,35.0,,Brachyura
121822,121821,10.0,454,Sceliphron caementarium
471021,121822,20.0,,Sceliphron
47607,121850,30.0,,Erebidae
211194,121943,50.0,,Polypodiopsida
186841,121991,25.0,,Syrphini
48670,122224,27.0,,Noctuinae
122240,122238,10.0,455,Porcellio scaber
343798,122239,30.0,,Porcellionidae
122239,122240,20.0,,Porcellio
522677,122380,20.0,,Cupido
122380,122381,10.0,456,Cupido comyntas
121850,122426,27.0,,Erebinae
121850,122457,27.0,,Hypeninae
48670,122465,27.0,,Acronictinae
47653,122493,27.0,,Hesperiinae
122224,122731,25.0,,Leucaniini
1117856,123628,10.0,457,Argynnis paphia
82089,123834,24.0,,Spilosomina
124065,124055,24.0,,Choerocampina
124071,124065,25.0,,Macroglossini
47213,124071,27.0,,Macroglossinae
53552,124078,30.0,,Attevidae
47918,124126,27.0,,Saturniinae
47201,124417,37.0,,Apocrita
87902,124432,10.0,458,Deroceras reticulatum
52847,124544,10.0,459,Anthriscus sylvestris
124919,124719,25.0,,Lasiocampini
56584,124919,27.0,,Lasiocampinae
124126,125080,25.0,,Saturniini
47918,125084,27.0,,Hemileucinae
47918,125085,27.0,,Ceratocampinae
125670,125669,10.0,460,Rumina decollata
1071364,125670,20.0,,Rumina
125835,125818,25.0,,Lycaenini
47923,125830,27.0,,Theclinae
58558,125833,25.0,,Polyommatini
47923,125835,27.0,,Lycaeninae
125830,125836,25.0,,Eumaeini
58753,126889,10.0,461,Toxomerus marginatus
127135,127133,10.0,462,Hyphantria cunea
123834,127135,20.0,,Hyphantria
127187,127186,10.0,463,Securigera varia
533443,127187,20.0,,Securigera
127511,127510,10.0,464,Fomes fomentarius
47379,127511,20.0,,Fomes
61858,128824,10.0,465,Lucilia sericata
43698,129411,37.0,,Sciuromorpha
519191,129902,10.0,466,Camponotus pennsylvanicus
55558,130314,27.0,,Lygaeinae
202067,130316,25.0,,Melitaeini
910275,131834,20.0,,Otala
841312,132949,30.0,,Paradoxosomatidae
47181,133387,30.0,,Ericaceae
58504,133631,10.0,467,Polites peckius
372850,133754,33.0,,Reduvioidea
47922,134166,27.0,,Apaturinae
60854,134168,25.0,,Argynnini
61244,134169,25.0,,Danaini
47922,134171,27.0,,Limenitidinae
60854,134173,25.0,,Heliconiini
134171,134175,25.0,,Limenitidini
211194,136329,50.0,,Pinopsida
143392,143390,10.0,468,Oxidus gracilis
843658,143392,20.0,,Oxidus
774775,144113,43.0,,Eucarida
774775,144114,43.0,,Peracarida
47120,144128,57.0,,Myriapoda
13547,144351,20.0,,Poecile
9079,144410,20.0,,Spinus
4950,144455,10.0,469,Ardea alba
144351,144815,10.0,470,Poecile atricapillus
10246,145245,10.0,471,Setophaga coronata
144410,145308,10.0,472,Spinus psaltria
144410,145310,10.0,473,Spinus tristis
1096177,145659,10.0,474,Acronicta americana
848324,152870,40.0,,Artiodactyla
632790,153419,25.0,,Eupatorieae
54765,167829,10.0,475,Rhus typhina
955376,172111,20.0,,Bradybaena
372852,176269,33.0,,Chrysomeloidea
209650,179939,20.0,,Otospermophilus
179939,180007,10.0,476,Otospermophilus beecheyi
47158,184884,47.0,,Pterygota
49995,186841,27.0,,Syrphinae
52381,194066,27.0,,Aphidinae
199910,199840,10.0,477,Haemorhous mexicanus
9079,199910,20.0,,Haemorhous
47221,199939,27.0,,Apinae
85552,200152,30.0,,Dactyloidae
71261,200958,30.0,,Pandionidae
47604,201654,27.0,,Carduoideae
202067,202066,25.0,,Nymphalini
47922,202067,27.0,,Nymphalinae
202067,202068,25.0,,Victorinini
61860,202179,27.0,,Luciliinae
202067,202224,25.0,,Junoniini
47533,202756,47.0,,Hexacorallia
131834,202861,10.0,478,Otala lactea
13548,203153,10.0,479,Parus major
746715,204212,20.0,,Ficaria
204212,204321,10.0,480,Ficaria verna
4343,204533,10.0,481,Larus argentatus
49973,207785,25.0,,Papilionini
54469,207977,10.0,482,Aglais io
58598,208488,24.0,,Maniolina
339572,209650,25.0,,Marmotini
48508,209720,27.0,,Pierinae
47217,211065,27.0,,Cypripedioideae
61786,211100,10.0,483,Malacosoma americana
47126,211194,60.0,,Tracheophyta
172111,215409,10.0,484,Bradybaena similaris
53186,243824,10.0,485,Potentilla indica
47221,244505,27.0,,Xylocopinae
47336,244834,27.0,,Formicinae
47120,245097,57.0,,Chelicerata
51146,245843,27.0,,Galerucinae
118451,311310,35.0,,Astacidea
51777,319231,27.0,,Coreinae
342614,319384,33.0,,Araneoidea
48959,320199,27.0,,Harpactorinae
117747,320201,24.0,,Noctuina
47653,320509,27.0,,Eudaminae
122493,320552,25.0,,Hesperiini
209720,321384,25.0,,Pierini
512198,322379,30.0,,Agriolimacidae
47122,324170,27.0,,Caesalpinioideae
49995,326181,27.0,,Eristalinae
21360,326296,10.0,486,Bufo bufo
124417,326777,35.0,,Aculeata
47649,328102,27.0,,Melanoplinae
45933,332614,27.0,,Sciurinae
63089,333586,47.0,,Oligochaeta
48486,333790,27.0,,Coccinellinae
333790,333796,25.0,,Coccinellini
47744,334037,37.0,,Sternorrhyncha
244834,334375,25.0,,Camponotini
47903,335455,27.0,,Cactoideae
47649,337688,27.0,,Cyrtacanthacridinae
45933,339572,27.0,,Xerinae
332614,339575,25.0,,Sciurini
47208,340471,37.0,,Adephaga
120474,342614,35.0,,Entelegynae
48089,342767,33.5,,Calyptratae
47520,342904,27.0,,Salmoninae
52747,343248,27.0,,Polistinae
84718,343783,35.0,,Holoverticata
343783,343798,34.0,,Crinocheta
48527,345605,27.0,,Caprifolioideae
48527,345608,27.0,,Dipsacoideae
2,355675,57.0,,Vertebrata
342767,356157,33.0,,Oestroidea
447425,359450,25.0,,Cichorieae
326181,364082,25.0,,Eristalini
120474,367158,35.0,,Haplogynae
367158,367163,33.0,,Pholcoidea
342614,367176,33.0,,Thomisoidea
342614,367200,33.0,,Salticoidea
85552,371057,35.0,,Gekkota
47120,372739,57.0,,Hexapoda
48250,372740,57.0,,Pezizomycotina
551278,372763,45.0,,Helminthomorpha
1051154,372769,45.0,,Pteriomorphia
997267,372784,43.0,,Merocheta
61267,372850,35.0,,Cimicomorpha
71130,372852,35.0,,Cucujiformia
48091,372853,35.0,,Cyclorrhapha
71130,372854,35.0,,Elateriformia
61267,372868,35.0,,Pentatomomorpha
340471,372884,33.0,,Caraboidea
47362,373579,27.0,,Asclepiadoideae
194066,373639,25.0,,Aphidini
119895,373661,25.0,,Cicindelini
245843,373841,25.0,,Luperini
632790,373844,25.0,,Anthemideae
373661,373919,24.0,,Cicindelina
922240,379255,20.0,,Reynoutria
372853,414448,34.0,,Aschiza
47148,415343,27.0,,Rosoideae
47535,417879,27.0,,Araneinae
152870,424850,37.0,,Ruminantia
48857,425997,25.0,,Anomalini
47928,426081,33.0,,Coenagrionoidea
4342,447155,27.0,,Larinae
47604,447425,27.0,,Cichorioideae
133387,451956,27.0,,Monotropoideae
52932,460758,27.0,,Cantharinae
632790,461542,25.0,,Astereae
373841,461899,24.0,,Diabroticina
319231,464228,25.0,,Anisoscelini
372868,466233,33.0,,Lygaeoidea
48536,467650,27.0,,Aroideae
335455,470233,25.0,,Pachycereae
48742,470913,27.0,,Sceliphrinae
470913,471021,25.0,,Sceliphrini
372852,471714,33.0,,Coccinelloidea
85493,473790,53.0,,Multicrustacea
321384,475032,24.0,,Pierina
125084,475374,25.0,,Hemileucini
87634,480298,10.0,487,Cornu aspersum
47549,481959,57.0,,Asterozoa
320199,482431,25.0,,Harpactorini
119607,485010,10.0,488,Chinavia hilaris
781350,487049,33.0,,Arionoidea
47362,487323,27.0,,Rauvolfioideae
47169,492000,57.0,,Agaricomycotina
47535,498534,27.0,,Nephilinae
829419,502884,20.0,,Lissachatina
502884,502885,10.0,489,Lissachatina fulica
47122,507502,27.0,,Faboideae
47599,507998,27.0,,Scilloideae
47599,508722,27.0,,Nolinoideae
781353,512198,33.0,,Limacoidea
507502,512504,25.0,,Trifolieae
47434,514989,27.0,,Pooideae
373639,517607,24.0,,Aphidina
52327,518889,27.0,,Chenopodioideae
62781,519191,15.0,,Camponotus
186841,520010,25.0,,Toxomerini
364082,520020,24.0,,Eristalina
52491,520029,15.0,,Eristalis
48623,520502,27.0,,Nepetoideae
209650,520586,20.0,,Tamias
54010,522624,15.0,,Lycaena
125833,522677,24.0,,Everina
125833,522678,24.0,,Polyommatina
125836,522886,24.0,,Eumaeina
49974,522893,24.0,,Battina
134169,522900,24.0,,Danaina
337688,523283,25.0,,Cyrtacanthacridini
328102,523474,25.0,,Melanoplini
47124,523723,40.0,,Boraginales
51276,528234,25.0,,Cappaeini
50265,528867,25.0,,Tetraopini
460758,529314,25.0,,Cantharini
26504,532896,27.0,,Natricinae
507502,533443,25.0,,Loteae
47668,533697,43.0,,Forcipulatacea
534851,534850,30.0,,Cyrenidae
50586,534851,33.0,,Cyrenoidea
199939,538883,25.0,,Bombini
52775,538890,15.0,,Cullumanobombus
52775,538900,15.0,,Pyrobombus
52775,538902,15.0,,Thoracobombus
52775,538903,15.0,,Bombus
199939,538904,25.0,,Apini
47225,545183,15.0,,Papilio
47225,545185,15.0,,Heraclides
47225,545186,15.0,,Pterourus
507502,548591,25.0,,Genisteae
54582,549546,15.0,,Mesarion
54582,549548,15.0,,Arion
47735,551278,47.0,,Chilognatha
1051155,551316,44.0,,Euheterodonta
551316,551317,43.0,,Imparidentia
47114,551391,47.0,,Heterobranchia
514989,552962,25.0,,Poeae
50638,556743,25.0,,Antirrhineae
6912,558404,20.0,,Spatula
558404,558438,10.0,490,Spatula clypeata
359450,558819,24.0,,Hypochaeridinae
3,559244,40.0,,Cathartiformes
7251,559248,30.0,,Passerellidae
47790,564913,20.0,,Chamaenerion
564913,564969,10.0,491,Chamaenerion angustifolium
632790,568270,25.0,,Senecioneae
632790,568277,25.0,,Coreopsideae
48111,570063,27.0,,Mantinae
48111,570070,27.0,,Stagmomantinae
51111,571260,15.0,,Xylocopoides
244505,574159,25.0,,Xylocopini
47220,578086,15.0,,Apis
4929,597395,27.0,,Ardeinae
48377,604091,25.0,,Tecomeae
319231,605201,25.0,,Acanthocephalini
632790,605446,25.0,,Heliantheae
48139,606933,27.0,,Salticinae
49609,607661,27.0,,Cyprininae
49609,613300,27.0,,Leuciscinae
487049,629866,30.0,,Ariolimacidae
47222,630955,32.0,,Anthophila
632307,632069,24.0,,Asclepiadinae
373579,632307,25.0,,Asclepiadeae
487323,632390,25.0,,Vinceae
632390,632394,24.0,,Vincinae
359450,632700,24.0,,Cichoriinae
359450,632701,24.0,,Crepidinae
359450,632703,24.0,,Hyoseridinae
359450,632704,24.0,,Lactucinae
47604,632790,27.0,,Asteroideae
632790,632795,25.0,,Helenieae
201654,632883,25.0,,Cardueae
632883,632885,24.0,,Carduinae
507502,633087,25.0,,Fabeae
48516,634936,27.0,,Solanoideae
634936,634950,25.0,,Solaneae
632795,635184,24.0,,Gaillardiinae
343248,638567,25.0,,Polistini
67688,700600,35.0,,Acrididea
47574,701533,13.0,,Sabina
71130,702480,35.0,,Scarabaeiformia
121639,706185,34.0,,Eubrachyura
706185,706188,33.5,,Thoracotremata
48536,706195,27.0,,Orontioideae
48874,707807,27.0,,Anacardioideae
606933,712034,25.0,,Dendryphantini
51276,712842,25.0,,Nezarini
47793,713334,37.0,,Neodermaptera
713334,713335,35.0,,Epidermaptera
949881,713337,33.0,,Forficuloidea
49528,713354,27.0,,Forficulinae
922110,723302,25.0,,Maleae
49568,736941,15.0,,Cicindela
51611,738332,15.0,,Chamaedrys
51611,738398,15.0,,Pocilla
53984,743344,13.0,,Digitalis
48231,746708,27.0,,Thalictroideae
48231,746709,27.0,,Ranunculoideae
746709,746715,25.0,,Ranunculeae
746709,746720,25.0,,Caltheae
47122,746804,27.0,,Cercidoideae
746804,746816,25.0,,Cercideae
507502,746912,25.0,,Robinieae
121943,764793,47.0,,Equisetidae
121943,764796,47.0,,Polypodiidae
52689,765394,10.0,492,Sambucus nigra
47434,773413,27.0,,Arundinoideae
773413,773415,25.0,,Molinieae
47187,774775,47.0,,Eumalacostraca
118056,775410,10.0,493,Fomitopsis betulina
551391,775797,45.0,,Euthyneura
775797,775800,44.0,,Tectipleura
775800,775812,43.0,,Eupulmonata
372769,775839,40.0,,Mytilida
775839,775840,33.0,,Mytiloidea
788062,777272,25.0,,Naucleeae
52995,779780,13.0,,Claytonia
52995,779781,13.0,,Limnia
85654,781333,27.0,,Bradybaeninae
47485,781349,37.0,,Helicina
781349,781350,35.0,,Arionoidei
781349,781352,35.0,,Helicoidei
781349,781353,35.0,,Limacoidei
47485,781366,37.0,,Achatinina
781366,781368,33.0,,Achatinoidea
48526,781703,30.0,,Viburnaceae
68207,783666,27.0,,Larreoideae
47167,785517,37.0,,Agaricineae
47167,785522,37.0,,Pluteineae
26909,787551,27.0,,Plethodontinae
27701,787591,27.0,,Pleurodelinae
36982,787700,27.0,,Scincinae
47693,788062,27.0,,Cinchonoideae
47693,788064,27.0,,Rubioideae
788064,788074,25.0,,Mitchelleae
788064,788083,25.0,,Rubieae
59116,788516,27.0,,Poeciliinae
48158,788529,27.0,,Percinae
52756,789375,15.0,,Polistes
52756,789379,15.0,,Fuscopolistes
48699,790553,27.0,,Apioideae
790553,790559,25.0,,Careae
790553,790591,25.0,,Scandiceae
790553,790593,25.0,,Smyrnieae
790553,790594,25.0,,Tordylieae
47781,790617,27.0,,Iridoideae
790617,790633,25.0,,Irideae
47561,790730,15.0,,Strobus
47561,790732,15.0,,Pinus
790730,790765,13.0,,Quinquefoliae
790732,790770,13.0,,Trifoliae
790732,790771,13.0,,Pinus
48567,791418,27.0,,Alsinoideae
791418,791419,25.0,,Alsineae
48567,791473,27.0,,Caryophylloideae
791473,791475,25.0,,Sileneae
48063,791928,10.0,494,Lysimachia arvensis
48064,791932,27.0,,Myrsinoideae
17599,792976,20.0,,Dryobates
792976,792988,10.0,495,Dryobates pubescens
48150,795681,27.0,,Boraginoideae
795681,795687,25.0,,Lithospermeae
31888,797512,27.0,,Gerrhonotinae
26504,797520,27.0,,Colubrinae
39760,797544,27.0,,Deirochelyinae
36074,797562,27.0,,Sceloporinae
30667,797576,27.0,,Crotalinae
47797,813978,37.0,,Enthemonae
813978,813994,33.0,,Actinioidea
68421,829419,27.0,,Achatininae
132949,840566,27.0,,Paradoxosomatinae
50638,840955,25.0,,Veroniceae
50638,840977,25.0,,Digitalideae
50638,840983,25.0,,Plantagineae
47734,841312,37.0,,Strongylosomatidea
840566,843658,25.0,,Sulciferini
42158,846185,27.0,,Capreolinae
42541,846215,27.0,,Didelphinae
41636,846255,27.0,,Ursinae
846185,846324,25.0,,Odocoileini
846215,846338,25.0,,Didelphini
40151,848317,47.0,,Theria
848317,848319,45.0,,Marsupialia
848317,848320,45.0,,Placentalia
848320,848323,43.0,,Euarchontoglires
848320,848324,43.0,,Laurasiatheria
48040,850994,27.0,,Campanuloideae
59649,857190,11.0,,Pantherophis alleghaniensis
49464,858333,25.0,,Parideae
71412,858902,25.0,,Hypericeae
47328,859160,27.0,,Lilioideae
859160,859161,25.0,,Lilieae
47851,861029,15.0,,Quercus
861029,861033,13.0,,Quercus
861029,861036,13.0,,Lobatae
47753,870758,27.0,,Dryopteridoideae
43698,870764,37.0,,Castorimorpha
50600,871438,27.0,,Mytilinae
50879,873639,13.0,,Quercifolium
415343,885411,25.0,,Potentilleae
55559,888838,15.0,,Erythrischius
62742,888920,13.0,,Rudbeckia
605446,888924,24.0,,Rudbeckiinae
47332,889631,27.0,,Papaveroideae
47379,895268,20.0,,Cerioporus
47380,895657,30.0,,Laetiporaceae
373844,900981,24.0,,Leucantheminae
373844,900982,24.0,,Anthemidinae
373844,900983,24.0,,Artemisiinae
373844,900988,24.0,,Matricariinae
153419,901066,24.0,,Oxylobinae
568270,901794,24.0,,Senecioninae
605446,901801,24.0,,Helianthinae
334037,901813,35.0,,Aphidomorpha
47204,902567,25.0,,Cardamineae
461542,902614,24.0,,Baccharidinae
47204,902660,25.0,,Thlaspideae
47204,902789,25.0,,Camelineae
47204,903187,25.0,,Hesperideae
47589,904149,13.0,,Acaulia
498534,904332,20.0,,Trichonephila
904332,904336,10.0,496,Trichonephila clavipes
47167,905657,37.0,,Pleurotineae
47167,905658,37.0,,Schizophyllineae
47484,906896,27.0,,Helicinae
906896,906897,25.0,,Helicini
906896,910275,25.0,,Otalini
906896,910283,25.0,,Allognathini
48626,914077,13.0,,Oenothera
48626,914083,13.0,,Hartmannia
379255,914922,10.0,497,Reynoutria japonica
629866,916897,27.0,,Ariolimacinae
48623,918903,27.0,,Lamioideae
48623,918904,27.0,,Ajugoideae
918903,918906,25.0,,Lamieae
520502,918917,25.0,,Mentheae
918917,919178,24.0,,Menthinae
918917,919180,24.0,,Nepetinae
918917,919181,24.0,,Prunellinae
47148,922110,27.0,,Amygdaloideae
922110,922113,25.0,,Amygdaleae
415343,922171,25.0,,Rubeae
415343,922173,25.0,,Roseae
48382,922206,27.0,,Polygonoideae
48382,922207,27.0,,Eriogonoideae
922207,922210,25.0,,Eriogoneae
922206,922238,25.0,,Polygoneae
922238,922240,24.0,,Reynoutriinae
922206,922242,25.0,,Rumiceae
49289,923936,27.0,,Berberidoideae
923936,923971,25.0,,Berberideae
923971,923972,24.0,,Berberidinae
923971,923973,24.0,,Epimediinae
48797,924978,27.0,,Tilioideae
518889,931408,25.0,,Chenopodieae
62471,933175,27.0,,Limacinae
49194,936164,25.0,,Lantaneae
568270,936861,24.0,,Tussilagininae
467650,937792,25.0,,Arisaemateae
895268,940028,10.0,498,Cerioporus squamosus
47151,941815,25.0,,Scrophularieae
56315,947427,13.0,,Micacei
713335,949881,34.5,,Eteodermaptera
54743,952186,47.0,,Lecanoromycetidae
781333,955376,25.0,,Bradybaenini
605446,960961,24.0,,Enceliinae
47754,961001,37.0,,Polypodiineae
372852,963992,33.0,,Cerambycoidea
47701,964902,15.0,,Robertium
964902,964908,13.0,,Ruberta
47603,967514,13.0,,Taraxacum
48445,972792,20.0,,Apioperdon
972792,972793,10.0,499,Apioperdon pyriforme
461542,972882,24.0,,Conyzinae
885411,975959,24.0,,Fragariinae
885411,975960,24.0,,Potentillinae
7251,980017,30.0,,Tyrannidae
48596,984576,11.0,,Campanula rotundifolia
52345,993825,25.0,,Convolvuleae
372763,997267,44.0,,Eugnatha
47535,1004909,27.0,,Gasteracanthinae
47535,1004912,27.0,,Argiopinae
790591,1043615,24.0,,Scandicinae
790591,1043617,24.0,,Daucinae
49869,1045281,13.0,,Caltha
50636,1045680,15.0,,Psyllium
1045680,1045692,13.0,,Lanceifolia
47584,1051154,47.0,,Autobranchia
1051154,1051155,45.0,,Heteroconchia
68421,1071364,27.0,,Rumininae
51874,1072552,15.0,,Lonicera
1072552,1072574,13.0,,Lonicera
1072552,1072577,13.0,,Nintooa
320552,1081313,20.0,,Lon
1081313,1081329,10.0,500,Lon zabulon
49389,1087592,11.0,,Stellaria media
538903,1092510,11.0,,Bombus lucorum-complex
53152,1092877,13.0,,Spirocarpos
1092877,1092918,12.0,,Lupularia
54321,1094690,27.0,,Parmelioideae
50814,1094814,47.0,,Agaricomycetidae
55624,1096177,15.0,,Acronicta
48111,1096984,27.0,,Tenoderinae
48112,1097011,37.0,,Eumantodea
1097011,1097013,35.0,,Schizomantodea
1097013,1097016,33.0,,Mantoidea
1096984,1097067,25.0,,Tenoderini
570070,1097068,25.0,,Stagmomantini
1097067,1097119,24.0,,Tenoderina
52818,1105043,11.0,,Achillea millefolium
322379,1105651,27.0,,Agriolimacinae
712034,1109044,24.0,,Dendryphantina
48939,1112639,15.0,,Eucycla
134168,1117856,20.0,,Argynnis
35360,1118992,27.0,,Lacertinae
